{"packages":[],"notify-batch":"https:\/\/packagist.org\/downloads\/","providers-url":"\/p\/%package%$%hash%.json","metadata-url":"https:\/\/repo.packagist.org\/p2\/%package%.json","metadata-changes-url":"https:\/\/packagist.org\/metadata\/changes.json","search":"https:\/\/packagist.org\/search.json?q=%query%&type=%type%","list":"https:\/\/packagist.org\/packages\/list.json","security-advisories":{"metadata":true,"api-url":"https:\/\/packagist.org\/api\/security-advisories\/"},"providers-api":"https:\/\/packagist.org\/providers\/%package%.json","warning":"Support for Composer 1 has been shutdown on September 1st 2025. You should upgrade to Composer 2. See https:\/\/blog.packagist.com\/shutting-down-packagist-org-support-for-composer-1-x\/","warning-versions":"<1.999","providers":[],"last-modified":"Mon, 01 Sep 2025 08:24:01 GMT"}