{"minified":"composer/2.0","packages":{"symfony/polyfill-php84":[{"name":"symfony/polyfill-php84","description":"Symfony polyfill backporting some PHP 8.4+ features to lower PHP versions","keywords":["compatibility","portable","polyfill","shim"],"homepage":"https://symfony.com","version":"v1.33.0","version_normalized":"1.33.0.0","license":["MIT"],"authors":[{"name":"Nicolas Grekas","email":"p@tchwork.com"},{"name":"Symfony Community","homepage":"https://symfony.com/contributors"}],"source":{"url":"https://github.com/symfony/polyfill-php84.git","type":"git","reference":"d8ced4d875142b6a7426000426b8abc631d6b191"},"dist":{"url":"https://api.github.com/repos/symfony/polyfill-php84/zipball/d8ced4d875142b6a7426000426b8abc631d6b191","type":"zip","shasum":"","reference":"d8ced4d875142b6a7426000426b8abc631d6b191"},"type":"library","support":{"source":"https://github.com/symfony/polyfill-php84/tree/v1.33.0"},"funding":[{"url":"https://symfony.com/sponsor","type":"custom"},{"url":"https://github.com/fabpot","type":"github"},{"url":"https://github.com/nicolas-grekas","type":"github"},{"url":"https://tidelift.com/funding/github/packagist/symfony/symfony","type":"tidelift"}],"time":"2025-06-24T13:30:11+00:00","autoload":{"files":["bootstrap.php"],"psr-4":{"Symfony\\Polyfill\\Php84\\":""},"classmap":["Resources/stubs"]},"extra":{"thanks":{"url":"https://github.com/symfony/polyfill","name":"symfony/polyfill"}},"require":{"php":">=7.2"}},{"version":"v1.32.0","version_normalized":"1.32.0.0","source":{"url":"https://github.com/symfony/polyfill-php84.git","type":"git","reference":"000df7860439609837bbe28670b0be15783b7fbf"},"dist":{"url":"https://api.github.com/repos/symfony/polyfill-php84/zipball/000df7860439609837bbe28670b0be15783b7fbf","type":"zip","shasum":"","reference":"000df7860439609837bbe28670b0be15783b7fbf"},"support":{"source":"https://github.com/symfony/polyfill-php84/tree/v1.32.0"},"funding":[{"url":"https://symfony.com/sponsor","type":"custom"},{"url":"https://github.com/fabpot","type":"github"},{"url":"https://tidelift.com/funding/github/packagist/symfony/symfony","type":"tidelift"}],"time":"2025-02-20T12:04:08+00:00"},{"version":"v1.31.0","version_normalized":"1.31.0.0","source":{"url":"https://github.com/symfony/polyfill-php84.git","type":"git","reference":"e5493eb51311ab0b1cc2243416613f06ed8f18bd"},"dist":{"url":"https://api.github.com/repos/symfony/polyfill-php84/zipball/e5493eb51311ab0b1cc2243416613f06ed8f18bd","type":"zip","shasum":"","reference":"e5493eb51311ab0b1cc2243416613f06ed8f18bd"},"support":{"source":"https://github.com/symfony/polyfill-php84/tree/v1.31.0"},"time":"2024-09-09T12:04:04+00:00"},{"version":"v1.30.0","version_normalized":"1.30.0.0","source":{"url":"https://github.com/symfony/polyfill-php84.git","type":"git","reference":"1ae77f8809b8e7aa85f185c850ede8e5e7b50503"},"dist":{"url":"https://api.github.com/repos/symfony/polyfill-php84/zipball/1ae77f8809b8e7aa85f185c850ede8e5e7b50503","type":"zip","shasum":"","reference":"1ae77f8809b8e7aa85f185c850ede8e5e7b50503"},"support":{"source":"https://github.com/symfony/polyfill-php84/tree/v1.30.0"},"time":"2024-06-19T12:35:24+00:00","require":{"php":">=7.1"}},{"version":"v1.29.0","version_normalized":"1.29.0.0","source":{"url":"https://github.com/symfony/polyfill-php84.git","type":"git","reference":"3d71a9ad29575676d588e454cd26852d96d0f402"},"dist":{"url":"https://api.github.com/repos/symfony/polyfill-php84/zipball/3d71a9ad29575676d588e454cd26852d96d0f402","type":"zip","shasum":"","reference":"3d71a9ad29575676d588e454cd26852d96d0f402"},"support":{"source":"https://github.com/symfony/polyfill-php84/tree/v1.29.0"},"time":"2024-01-29T20:11:03+00:00","autoload":{"files":["bootstrap.php"],"psr-4":{"Symfony\\Polyfill\\Php84\\":""}}}]},"security-advisories":[],"last-modified":"Tue, 19 Aug 2025 20:34:38 GMT"}