{"minified":"composer/2.0","packages":{"laravel/prompts":[{"name":"laravel/prompts","description":"Add beautiful and user-friendly forms to your command-line applications.","keywords":[],"homepage":"","version":"v0.3.6","version_normalized":"0.3.6.0","license":["MIT"],"authors":[],"source":{"url":"https://github.com/laravel/prompts.git","type":"git","reference":"86a8b692e8661d0fb308cec64f3d176821323077"},"dist":{"url":"https://api.github.com/repos/laravel/prompts/zipball/86a8b692e8661d0fb308cec64f3d176821323077","type":"zip","shasum":"","reference":"86a8b692e8661d0fb308cec64f3d176821323077"},"type":"library","support":{"issues":"https://github.com/laravel/prompts/issues","source":"https://github.com/laravel/prompts/tree/v0.3.6"},"funding":[],"time":"2025-07-07T14:17:42+00:00","autoload":{"files":["src/helpers.php"],"psr-4":{"Laravel\\Prompts\\":"src/"}},"extra":{"branch-alias":{"dev-main":"0.3.x-dev"}},"require":{"php":"^8.1","ext-mbstring":"*","composer-runtime-api":"^2.2","symfony/console":"^6.2|^7.0"},"require-dev":{"illuminate/collections":"^10.0|^11.0|^12.0","phpstan/phpstan":"^1.11","pestphp/pest":"^2.3|^3.4","mockery/mockery":"^1.5","phpstan/phpstan-mockery":"^1.1"},"suggest":{"ext-pcntl":"Required for the spinner to be animated."},"conflict":{"illuminate/console":">=10.17.0 <10.25.0","laravel/framework":">=10.17.0 <10.25.0"}},{"version":"v0.3.5","version_normalized":"0.3.5.0","source":{"url":"https://github.com/laravel/prompts.git","type":"git","reference":"57b8f7efe40333cdb925700891c7d7465325d3b1"},"dist":{"url":"https://api.github.com/repos/laravel/prompts/zipball/57b8f7efe40333cdb925700891c7d7465325d3b1","type":"zip","shasum":"","reference":"57b8f7efe40333cdb925700891c7d7465325d3b1"},"support":{"issues":"https://github.com/laravel/prompts/issues","source":"https://github.com/laravel/prompts/tree/v0.3.5"},"time":"2025-02-11T13:34:40+00:00"},{"version":"v0.3.4","version_normalized":"0.3.4.0","source":{"url":"https://github.com/laravel/prompts.git","type":"git","reference":"abeaa2ba4294247d5409490d1ca1bc6248087011"},"dist":{"url":"https://api.github.com/repos/laravel/prompts/zipball/abeaa2ba4294247d5409490d1ca1bc6248087011","type":"zip","shasum":"","reference":"abeaa2ba4294247d5409490d1ca1bc6248087011"},"support":{"issues":"https://github.com/laravel/prompts/issues","source":"https://github.com/laravel/prompts/tree/v0.3.4"},"time":"2025-01-24T15:41:01+00:00"},{"version":"v0.3.3","version_normalized":"0.3.3.0","source":{"url":"https://github.com/laravel/prompts.git","type":"git","reference":"749395fcd5f8f7530fe1f00dfa84eb22c83d94ea"},"dist":{"url":"https://api.github.com/repos/laravel/prompts/zipball/749395fcd5f8f7530fe1f00dfa84eb22c83d94ea","type":"zip","shasum":"","reference":"749395fcd5f8f7530fe1f00dfa84eb22c83d94ea"},"support":{"issues":"https://github.com/laravel/prompts/issues","source":"https://github.com/laravel/prompts/tree/v0.3.3"},"time":"2024-12-30T15:53:31+00:00","require-dev":{"illuminate/collections":"^10.0|^11.0","phpstan/phpstan":"^1.11","pestphp/pest":"^2.3|^3.4","mockery/mockery":"^1.5","phpstan/phpstan-mockery":"^1.1"}},{"version":"v0.3.2","version_normalized":"0.3.2.0","source":{"url":"https://github.com/laravel/prompts.git","type":"git","reference":"0e0535747c6b8d6d10adca8b68293cf4517abb0f"},"dist":{"url":"https://api.github.com/repos/laravel/prompts/zipball/0e0535747c6b8d6d10adca8b68293cf4517abb0f","type":"zip","shasum":"","reference":"0e0535747c6b8d6d10adca8b68293cf4517abb0f"},"support":{"issues":"https://github.com/laravel/prompts/issues","source":"https://github.com/laravel/prompts/tree/v0.3.2"},"time":"2024-11-12T14:59:47+00:00"},{"version":"v0.3.1","version_normalized":"0.3.1.0","source":{"url":"https://github.com/laravel/prompts.git","type":"git","reference":"0f3848a445562dac376b27968f753c65e7e1036e"},"dist":{"url":"https://api.github.com/repos/laravel/prompts/zipball/0f3848a445562dac376b27968f753c65e7e1036e","type":"zip","shasum":"","reference":"0f3848a445562dac376b27968f753c65e7e1036e"},"support":{"issues":"https://github.com/laravel/prompts/issues","source":"https://github.com/laravel/prompts/tree/v0.3.1"},"time":"2024-10-09T19:42:26+00:00","require-dev":{"phpstan/phpstan":"^1.11","pestphp/pest":"^2.3","mockery/mockery":"^1.5","phpstan/phpstan-mockery":"^1.1","illuminate/collections":"^10.0|^11.0"}},{"version":"v0.3.0","version_normalized":"0.3.0.0","source":{"url":"https://github.com/laravel/prompts.git","type":"git","reference":"ea57a2261093986721d4a5f4f9524d76f21f9fa0"},"dist":{"url":"https://api.github.com/repos/laravel/prompts/zipball/ea57a2261093986721d4a5f4f9524d76f21f9fa0","type":"zip","shasum":"","reference":"ea57a2261093986721d4a5f4f9524d76f21f9fa0"},"support":{"issues":"https://github.com/laravel/prompts/issues","source":"https://github.com/laravel/prompts/tree/v0.3.0"},"time":"2024-09-30T14:27:51+00:00"},{"version":"v0.2.1","version_normalized":"0.2.1.0","source":{"url":"https://github.com/laravel/prompts.git","type":"git","reference":"a132ccf64d46da183b7cf3729df260e836cc7e15"},"dist":{"url":"https://api.github.com/repos/laravel/prompts/zipball/a132ccf64d46da183b7cf3729df260e836cc7e15","type":"zip","shasum":"","reference":"a132ccf64d46da183b7cf3729df260e836cc7e15"},"support":{"issues":"https://github.com/laravel/prompts/issues","source":"https://github.com/laravel/prompts/tree/v0.2.1"},"time":"2024-09-19T10:28:37+00:00","extra":{"branch-alias":{"dev-main":"0.2.x-dev"}},"require":{"php":"^8.1","ext-mbstring":"*","illuminate/collections":"^10.0|^11.0","symfony/console":"^6.2|^7.0"},"require-dev":{"phpstan/phpstan":"^1.11","pestphp/pest":"^2.3","mockery/mockery":"^1.5","phpstan/phpstan-mockery":"^1.1"}},{"version":"v0.2.0","version_normalized":"0.2.0.0","source":{"url":"https://github.com/laravel/prompts.git","type":"git","reference":"56b6ca42d822682a791a948a635585b25c690cf5"},"dist":{"url":"https://api.github.com/repos/laravel/prompts/zipball/56b6ca42d822682a791a948a635585b25c690cf5","type":"zip","shasum":"","reference":"56b6ca42d822682a791a948a635585b25c690cf5"},"support":{"issues":"https://github.com/laravel/prompts/issues","source":"https://github.com/laravel/prompts/tree/v0.2.0"},"time":"2024-09-11T20:39:03+00:00","extra":{"branch-alias":{"dev-main":"0.1.x-dev"}}},{"version":"v0.1.25","version_normalized":"0.1.25.0","source":{"url":"https://github.com/laravel/prompts.git","type":"git","reference":"7b4029a84c37cb2725fc7f011586e2997040bc95"},"dist":{"url":"https://api.github.com/repos/laravel/prompts/zipball/7b4029a84c37cb2725fc7f011586e2997040bc95","type":"zip","shasum":"","reference":"7b4029a84c37cb2725fc7f011586e2997040bc95"},"support":{"issues":"https://github.com/laravel/prompts/issues","source":"https://github.com/laravel/prompts/tree/v0.1.25"},"time":"2024-08-12T22:06:33+00:00"},{"version":"v0.1.24","version_normalized":"0.1.24.0","source":{"url":"https://github.com/laravel/prompts.git","type":"git","reference":"409b0b4305273472f3754826e68f4edbd0150149"},"dist":{"url":"https://api.github.com/repos/laravel/prompts/zipball/409b0b4305273472f3754826e68f4edbd0150149","type":"zip","shasum":"","reference":"409b0b4305273472f3754826e68f4edbd0150149"},"support":{"issues":"https://github.com/laravel/prompts/issues","source":"https://github.com/laravel/prompts/tree/v0.1.24"},"time":"2024-06-17T13:58:22+00:00"},{"version":"v0.1.23","version_normalized":"0.1.23.0","source":{"url":"https://github.com/laravel/prompts.git","type":"git","reference":"9bc4df7c699b0452c6b815e64a2d84b6d7f99400"},"dist":{"url":"https://api.github.com/repos/laravel/prompts/zipball/9bc4df7c699b0452c6b815e64a2d84b6d7f99400","type":"zip","shasum":"","reference":"9bc4df7c699b0452c6b815e64a2d84b6d7f99400"},"support":{"issues":"https://github.com/laravel/prompts/issues","source":"https://github.com/laravel/prompts/tree/v0.1.23"},"time":"2024-05-27T13:53:20+00:00"},{"version":"v0.1.22","version_normalized":"0.1.22.0","source":{"url":"https://github.com/laravel/prompts.git","type":"git","reference":"37f94de71758dbfbccc9d299b0e5eb76e02a40f5"},"dist":{"url":"https://api.github.com/repos/laravel/prompts/zipball/37f94de71758dbfbccc9d299b0e5eb76e02a40f5","type":"zip","shasum":"","reference":"37f94de71758dbfbccc9d299b0e5eb76e02a40f5"},"support":{"issues":"https://github.com/laravel/prompts/issues","source":"https://github.com/laravel/prompts/tree/v0.1.22"},"time":"2024-05-10T19:22:18+00:00"},{"version":"v0.1.21","version_normalized":"0.1.21.0","source":{"url":"https://github.com/laravel/prompts.git","type":"git","reference":"23ea808e8a145653e0ab29e30d4385e49f40a920"},"dist":{"url":"https://api.github.com/repos/laravel/prompts/zipball/23ea808e8a145653e0ab29e30d4385e49f40a920","type":"zip","shasum":"","reference":"23ea808e8a145653e0ab29e30d4385e49f40a920"},"support":{"issues":"https://github.com/laravel/prompts/issues","source":"https://github.com/laravel/prompts/tree/v0.1.21"},"time":"2024-04-30T12:46:16+00:00"},{"description":"","version":"v0.1.20","version_normalized":"0.1.20.0","source":{"url":"https://github.com/laravel/prompts.git","type":"git","reference":"bf9a360c484976692de0f3792f30066f4f4b34a2"},"dist":{"url":"https://api.github.com/repos/laravel/prompts/zipball/bf9a360c484976692de0f3792f30066f4f4b34a2","type":"zip","shasum":"","reference":"bf9a360c484976692de0f3792f30066f4f4b34a2"},"support":{"issues":"https://github.com/laravel/prompts/issues","source":"https://github.com/laravel/prompts/tree/v0.1.20"},"time":"2024-04-18T00:45:25+00:00"},{"version":"v0.1.19","version_normalized":"0.1.19.0","source":{"url":"https://github.com/laravel/prompts.git","type":"git","reference":"0ab75ac3434d9f610c5691758a6146a3d1940c18"},"dist":{"url":"https://api.github.com/repos/laravel/prompts/zipball/0ab75ac3434d9f610c5691758a6146a3d1940c18","type":"zip","shasum":"","reference":"0ab75ac3434d9f610c5691758a6146a3d1940c18"},"support":{"issues":"https://github.com/laravel/prompts/issues","source":"https://github.com/laravel/prompts/tree/v0.1.19"},"time":"2024-04-16T14:20:35+00:00"},{"version":"v0.1.18","version_normalized":"0.1.18.0","source":{"url":"https://github.com/laravel/prompts.git","type":"git","reference":"3b5e6b03f1f1175574b5a32331d99c9819da9848"},"dist":{"url":"https://api.github.com/repos/laravel/prompts/zipball/3b5e6b03f1f1175574b5a32331d99c9819da9848","type":"zip","shasum":"","reference":"3b5e6b03f1f1175574b5a32331d99c9819da9848"},"support":{"issues":"https://github.com/laravel/prompts/issues","source":"https://github.com/laravel/prompts/tree/v0.1.18"},"time":"2024-04-04T17:41:50+00:00"},{"version":"v0.1.17","version_normalized":"0.1.17.0","source":{"url":"https://github.com/laravel/prompts.git","type":"git","reference":"8ee9f87f7f9eadcbe21e9e72cd4176b2f06cd5b5"},"dist":{"url":"https://api.github.com/repos/laravel/prompts/zipball/8ee9f87f7f9eadcbe21e9e72cd4176b2f06cd5b5","type":"zip","shasum":"","reference":"8ee9f87f7f9eadcbe21e9e72cd4176b2f06cd5b5"},"support":{"issues":"https://github.com/laravel/prompts/issues","source":"https://github.com/laravel/prompts/tree/v0.1.17"},"time":"2024-03-13T16:05:43+00:00"},{"version":"v0.1.16","version_normalized":"0.1.16.0","source":{"url":"https://github.com/laravel/prompts.git","type":"git","reference":"ca6872ab6aec3ab61db3a61f83a6caf764ec7781"},"dist":{"url":"https://api.github.com/repos/laravel/prompts/zipball/ca6872ab6aec3ab61db3a61f83a6caf764ec7781","type":"zip","shasum":"","reference":"ca6872ab6aec3ab61db3a61f83a6caf764ec7781"},"support":{"issues":"https://github.com/laravel/prompts/issues","source":"https://github.com/laravel/prompts/tree/v0.1.16"},"time":"2024-02-21T19:25:27+00:00"},{"version":"v0.1.15","version_normalized":"0.1.15.0","source":{"url":"https://github.com/laravel/prompts.git","type":"git","reference":"d814a27514d99b03c85aa42b22cfd946568636c1"},"dist":{"url":"https://api.github.com/repos/laravel/prompts/zipball/d814a27514d99b03c85aa42b22cfd946568636c1","type":"zip","shasum":"","reference":"d814a27514d99b03c85aa42b22cfd946568636c1"},"support":{"issues":"https://github.com/laravel/prompts/issues","source":"https://github.com/laravel/prompts/tree/v0.1.15"},"time":"2023-12-29T22:37:42+00:00"},{"version":"v0.1.14","version_normalized":"0.1.14.0","source":{"url":"https://github.com/laravel/prompts.git","type":"git","reference":"2219fa9c4b944add1e825c3bdb8ecae8bc503bc6"},"dist":{"url":"https://api.github.com/repos/laravel/prompts/zipball/2219fa9c4b944add1e825c3bdb8ecae8bc503bc6","type":"zip","shasum":"","reference":"2219fa9c4b944add1e825c3bdb8ecae8bc503bc6"},"support":{"issues":"https://github.com/laravel/prompts/issues","source":"https://github.com/laravel/prompts/tree/v0.1.14"},"time":"2023-12-27T04:18:09+00:00"},{"version":"v0.1.13","version_normalized":"0.1.13.0","source":{"url":"https://github.com/laravel/prompts.git","type":"git","reference":"e1379d8ead15edd6cc4369c22274345982edc95a"},"dist":{"url":"https://api.github.com/repos/laravel/prompts/zipball/e1379d8ead15edd6cc4369c22274345982edc95a","type":"zip","shasum":"","reference":"e1379d8ead15edd6cc4369c22274345982edc95a"},"support":{"issues":"https://github.com/laravel/prompts/issues","source":"https://github.com/laravel/prompts/tree/v0.1.13"},"time":"2023-10-27T13:53:59+00:00","require-dev":{"phpstan/phpstan":"^1.10","pestphp/pest":"^2.3","mockery/mockery":"^1.5","phpstan/phpstan-mockery":"^1.1"}},{"version":"v0.1.12","version_normalized":"0.1.12.0","source":{"url":"https://github.com/laravel/prompts.git","type":"git","reference":"b35f249028c22016e45e48626e19e5d42fd827ff"},"dist":{"url":"https://api.github.com/repos/laravel/prompts/zipball/b35f249028c22016e45e48626e19e5d42fd827ff","type":"zip","shasum":"","reference":"b35f249028c22016e45e48626e19e5d42fd827ff"},"support":{"issues":"https://github.com/laravel/prompts/issues","source":"https://github.com/laravel/prompts/tree/v0.1.12"},"time":"2023-10-18T14:18:57+00:00"},{"version":"v0.1.11","version_normalized":"0.1.11.0","source":{"url":"https://github.com/laravel/prompts.git","type":"git","reference":"cce65a90e64712909ea1adc033e1d88de8455ffd"},"dist":{"url":"https://api.github.com/repos/laravel/prompts/zipball/cce65a90e64712909ea1adc033e1d88de8455ffd","type":"zip","shasum":"","reference":"cce65a90e64712909ea1adc033e1d88de8455ffd"},"support":{"issues":"https://github.com/laravel/prompts/issues","source":"https://github.com/laravel/prompts/tree/v0.1.11"},"time":"2023-10-03T01:07:35+00:00","require":{"php":"^8.1","ext-mbstring":"*","illuminate/collections":"^10.0|^11.0","symfony/console":"^6.2"}},{"version":"v0.1.10","version_normalized":"0.1.10.0","source":{"url":"https://github.com/laravel/prompts.git","type":"git","reference":"37ed55f6950d921a87d5beeab16d03f8de26b060"},"dist":{"url":"https://api.github.com/repos/laravel/prompts/zipball/37ed55f6950d921a87d5beeab16d03f8de26b060","type":"zip","shasum":"","reference":"37ed55f6950d921a87d5beeab16d03f8de26b060"},"support":{"issues":"https://github.com/laravel/prompts/issues","source":"https://github.com/laravel/prompts/tree/v0.1.10"},"time":"2023-09-29T07:26:07+00:00"},{"version":"v0.1.9","version_normalized":"0.1.9.0","source":{"url":"https://github.com/laravel/prompts.git","type":"git","reference":"b603410e7af1040aa2d29e0a2cdca570bb63e827"},"dist":{"url":"https://api.github.com/repos/laravel/prompts/zipball/b603410e7af1040aa2d29e0a2cdca570bb63e827","type":"zip","shasum":"","reference":"b603410e7af1040aa2d29e0a2cdca570bb63e827"},"support":{"issues":"https://github.com/laravel/prompts/issues","source":"https://github.com/laravel/prompts/tree/v0.1.9"},"time":"2023-09-26T13:14:20+00:00"},{"version":"v0.1.8","version_normalized":"0.1.8.0","source":{"url":"https://github.com/laravel/prompts.git","type":"git","reference":"68dcc65babf92e1fb43cba0b3f78fc3d8002709c"},"dist":{"url":"https://api.github.com/repos/laravel/prompts/zipball/68dcc65babf92e1fb43cba0b3f78fc3d8002709c","type":"zip","shasum":"","reference":"68dcc65babf92e1fb43cba0b3f78fc3d8002709c"},"support":{"issues":"https://github.com/laravel/prompts/issues","source":"https://github.com/laravel/prompts/tree/v0.1.8"},"time":"2023-09-19T15:33:56+00:00","extra":"__unset","conflict":"__unset"},{"version":"v0.1.7","version_normalized":"0.1.7.0","source":{"url":"https://github.com/laravel/prompts.git","type":"git","reference":"554e7d855a22e87942753d68e23b327ad79b2070"},"dist":{"url":"https://api.github.com/repos/laravel/prompts/zipball/554e7d855a22e87942753d68e23b327ad79b2070","type":"zip","shasum":"","reference":"554e7d855a22e87942753d68e23b327ad79b2070"},"support":{"issues":"https://github.com/laravel/prompts/issues","source":"https://github.com/laravel/prompts/tree/v0.1.7"},"time":"2023-09-12T11:09:22+00:00"},{"version":"v0.1.6","version_normalized":"0.1.6.0","source":{"url":"https://github.com/laravel/prompts.git","type":"git","reference":"b514c5620e1b3b61221b0024dc88def26d9654f4"},"dist":{"url":"https://api.github.com/repos/laravel/prompts/zipball/b514c5620e1b3b61221b0024dc88def26d9654f4","type":"zip","shasum":"","reference":"b514c5620e1b3b61221b0024dc88def26d9654f4"},"support":{"issues":"https://github.com/laravel/prompts/issues","source":"https://github.com/laravel/prompts/tree/v0.1.6"},"time":"2023-08-18T13:32:23+00:00"},{"version":"v0.1.5","version_normalized":"0.1.5.0","source":{"url":"https://github.com/laravel/prompts.git","type":"git","reference":"d880a909df144a4bf5760ebd09aba114f79d9adc"},"dist":{"url":"https://api.github.com/repos/laravel/prompts/zipball/d880a909df144a4bf5760ebd09aba114f79d9adc","type":"zip","shasum":"","reference":"d880a909df144a4bf5760ebd09aba114f79d9adc"},"support":{"issues":"https://github.com/laravel/prompts/issues","source":"https://github.com/laravel/prompts/tree/v0.1.5"},"time":"2023-08-15T14:29:44+00:00"},{"version":"v0.1.4","version_normalized":"0.1.4.0","source":{"url":"https://github.com/laravel/prompts.git","type":"git","reference":"1b3ab520a75eddefcda99f49fb551d231769b1fa"},"dist":{"url":"https://api.github.com/repos/laravel/prompts/zipball/1b3ab520a75eddefcda99f49fb551d231769b1fa","type":"zip","shasum":"","reference":"1b3ab520a75eddefcda99f49fb551d231769b1fa"},"support":{"issues":"https://github.com/laravel/prompts/issues","source":"https://github.com/laravel/prompts/tree/v0.1.4"},"time":"2023-08-07T13:14:59+00:00"},{"version":"v0.1.3","version_normalized":"0.1.3.0","source":{"url":"https://github.com/laravel/prompts.git","type":"git","reference":"562c26eb82c85789ef36291112cc27d730d3fed6"},"dist":{"url":"https://api.github.com/repos/laravel/prompts/zipball/562c26eb82c85789ef36291112cc27d730d3fed6","type":"zip","shasum":"","reference":"562c26eb82c85789ef36291112cc27d730d3fed6"},"support":{"issues":"https://github.com/laravel/prompts/issues","source":"https://github.com/laravel/prompts/tree/v0.1.3"},"time":"2023-08-02T19:57:10+00:00"},{"version":"v0.1.2","version_normalized":"0.1.2.0","source":{"url":"https://github.com/laravel/prompts.git","type":"git","reference":"a5295e14c9d3e94ff24683e5db0b0a29fad8f6e1"},"dist":{"url":"https://api.github.com/repos/laravel/prompts/zipball/a5295e14c9d3e94ff24683e5db0b0a29fad8f6e1","type":"zip","shasum":"","reference":"a5295e14c9d3e94ff24683e5db0b0a29fad8f6e1"},"support":{"issues":"https://github.com/laravel/prompts/issues","source":"https://github.com/laravel/prompts/tree/v0.1.2"},"time":"2023-08-02T13:59:58+00:00","require":{"php":"^8.1","ext-mbstring":"*","illuminate/collections":"^10.0","symfony/console":"^6.2"}},{"version":"v0.1.1","version_normalized":"0.1.1.0","source":{"url":"https://github.com/laravel/prompts.git","type":"git","reference":"309b30157090a63c40152aa912d198d6aeb60ea6"},"dist":{"url":"https://api.github.com/repos/laravel/prompts/zipball/309b30157090a63c40152aa912d198d6aeb60ea6","type":"zip","shasum":"","reference":"309b30157090a63c40152aa912d198d6aeb60ea6"},"support":{"issues":"https://github.com/laravel/prompts/issues","source":"https://github.com/laravel/prompts/tree/v0.1.1"},"time":"2023-07-31T15:03:02+00:00"},{"version":"v0.1.0","version_normalized":"0.1.0.0","source":{"url":"https://github.com/laravel/prompts.git","type":"git","reference":"ffe3ae6a48642a1b2b3c4b1392206e13165b6d46"},"dist":{"url":"https://api.github.com/repos/laravel/prompts/zipball/ffe3ae6a48642a1b2b3c4b1392206e13165b6d46","type":"zip","shasum":"","reference":"ffe3ae6a48642a1b2b3c4b1392206e13165b6d46"},"support":{"issues":"https://github.com/laravel/prompts/issues","source":"https://github.com/laravel/prompts/tree/v0.1.0"},"time":"2023-07-26T07:20:15+00:00","require":{"php":"^8.1","ext-mbstring":"*","illuminate/collections":"^10.3","symfony/console":"^6.2"}}]},"security-advisories":[],"last-modified":"Tue, 08 Jul 2025 15:08:44 GMT"}